{"cameraMode":{"drawMode":0,"name":"Shaded","section":"Shading Mode"},"sceneLighting":true,"audioPlay":false,"sceneViewState":{"showFog":true,"showMaterialUpdate":true,"showSkybox":true,"showFlares":true,"showImageEffects":true,"showParticleSystems":true},"in2DMode":false,"pivot":{"x":-0.2694138288497925,"y":3.55318546295166,"z":-16.44230079650879},"rotation":{"x":0.07430985569953919,"y":-0.02570689283311367,"z":0.0018945165211334825,"w":0.9969104528427124},"size":1.2247449159622193,"orthographic":false}