{"cameraMode":{"drawMode":0,"name":"Shaded","section":"Shading Mode"},"sceneLighting":false,"audioPlay":false,"sceneViewState":{"showFog":true,"showMaterialUpdate":true,"showSkybox":false,"showFlares":true,"showImageEffects":true,"showParticleSystems":true},"in2DMode":false,"pivot":{"x":0.0,"y":-2.2588675022125246,"z":2.6219072341918947},"rotation":{"x":0.12394974380731583,"y":-0.4700389802455902,"z":0.06688538193702698,"w":0.8713714480400086},"size":11.890480995178223,"orthographic":false}