{"cameraMode":{"drawMode":0,"name":"Shaded","section":"Shading Mode"},"sceneLighting":false,"audioPlay":false,"sceneViewState":{"showFog":true,"showMaterialUpdate":true,"showSkybox":false,"showFlares":true,"showImageEffects":true,"showParticleSystems":true},"in2DMode":false,"pivot":{"x":-0.13068540394306184,"y":2.9837660789489748,"z":0.15956854820251466},"rotation":{"x":0.01340421847999096,"y":0.11582349985837937,"z":0.0015915407566353679,"w":-0.9931977391242981},"size":8.252287864685059,"orthographic":false}