{"cameraMode":{"drawMode":0,"name":"Shaded","section":"Shading Mode"},"sceneLighting":true,"audioPlay":false,"sceneViewState":{"showFog":true,"showMaterialUpdate":true,"showSkybox":true,"showFlares":true,"showImageEffects":true,"showParticleSystems":true},"in2DMode":false,"pivot":{"x":-0.14939169585704804,"y":2.0360164642333986,"z":-12.538616180419922},"rotation":{"x":-0.03389348089694977,"y":-0.010805799625813961,"z":0.000375438918126747,"w":-0.9993729591369629},"size":20.811874389648439,"orthographic":false}