{"cameraMode":{"drawMode":0,"name":"Shaded","section":"Shading Mode"},"sceneLighting":false,"audioPlay":false,"sceneViewState":{"showFog":true,"showMaterialUpdate":true,"showSkybox":true,"showFlares":true,"showImageEffects":true,"showParticleSystems":true},"in2DMode":false,"pivot":{"x":-2.304367780685425,"y":-2.5882418155670168,"z":-8.5938138961792},"rotation":{"x":-0.12089702486991883,"y":0.0062564220279455189,"z":0.0008234289125539362,"w":0.992695689201355},"size":0.1076696515083313,"orthographic":false}