{"cameraMode":{"drawMode":0,"name":"Shaded","section":"Shading Mode"},"sceneLighting":false,"audioPlay":false,"sceneViewState":{"showFog":true,"showMaterialUpdate":true,"showSkybox":true,"showFlares":true,"showImageEffects":true,"showParticleSystems":true},"in2DMode":false,"pivot":{"x":-0.004549145698547363,"y":1.5250308513641358,"z":0.00003123283386230469},"rotation":{"x":0.2683427631855011,"y":-0.05343062803149223,"z":0.014908348210155964,"w":0.9617251753807068},"size":4.2799811363220219,"orthographic":false}