{"cameraMode":{"drawMode":0,"name":"Shaded","section":"Shading Mode"},"sceneLighting":false,"audioPlay":false,"sceneViewState":{"showFog":true,"showMaterialUpdate":true,"showSkybox":true,"showFlares":true,"showImageEffects":true,"showParticleSystems":true},"in2DMode":false,"pivot":{"x":-0.29824697971343996,"y":-1.7716255187988282,"z":0.87255859375},"rotation":{"x":0.12394974380731583,"y":-0.4700389802455902,"z":0.06688538193702698,"w":0.8713714480400086},"size":11.693486213684082,"orthographic":false}