{"cameraMode":{"drawMode":0,"name":"Shaded","section":"Shading Mode"},"sceneLighting":false,"audioPlay":false,"sceneViewState":{"showFog":true,"showMaterialUpdate":true,"showSkybox":true,"showFlares":true,"showImageEffects":true,"showParticleSystems":true},"in2DMode":false,"pivot":{"x":-3.164574146270752,"y":8.908363342285157,"z":-3.0043563842773439},"rotation":{"x":-0.0033094454556703569,"y":-0.008403009735047818,"z":0.000027807618607766926,"w":-0.9999641180038452},"size":55.798194885253909,"orthographic":false}