{"cameraMode":{"drawMode":0,"name":"Shaded","section":"Shading Mode"},"sceneLighting":false,"audioPlay":false,"sceneViewState":{"showFog":true,"showMaterialUpdate":true,"showSkybox":false,"showFlares":true,"showImageEffects":true,"showParticleSystems":true},"in2DMode":false,"pivot":{"x":1.3224260807037354,"y":-0.08830365538597107,"z":3.101658821105957},"rotation":{"x":0.22947531938552857,"y":0.2111632227897644,"z":-0.05107961595058441,"w":0.9487704634666443},"size":4.119403839111328,"orthographic":false}