{"cameraMode":{"drawMode":0,"name":"Shaded","section":"Shading Mode"},"sceneLighting":false,"audioPlay":false,"sceneViewState":{"showFog":true,"showMaterialUpdate":true,"showSkybox":false,"showFlares":true,"showImageEffects":true,"showParticleSystems":true},"in2DMode":false,"pivot":{"x":402.76531982421877,"y":4.980205535888672,"z":329.5909118652344},"rotation":{"x":0.025807367637753488,"y":0.009307866916060448,"z":-0.00020435750775504857,"w":0.9996597170829773},"size":10.0,"orthographic":false}