{"cameraMode":{"drawMode":0,"name":"Shaded","section":"Shading Mode"},"sceneLighting":false,"audioPlay":false,"sceneViewState":{"showFog":true,"showMaterialUpdate":true,"showSkybox":false,"showFlares":true,"showImageEffects":true,"showParticleSystems":true},"in2DMode":false,"pivot":{"x":-3.400087833404541,"y":4.5898566246032719,"z":5.342406272888184},"rotation":{"x":-0.05908714979887009,"y":-0.13732291758060456,"z":-0.00821176078170538,"w":0.9887411594390869},"size":9.293703079223633,"orthographic":false}