{"cameraMode":{"drawMode":0,"name":"Shaded","section":"Shading Mode"},"sceneLighting":false,"audioPlay":false,"sceneViewState":{"showFog":true,"showMaterialUpdate":true,"showSkybox":true,"showFlares":true,"showImageEffects":true,"showParticleSystems":true},"in2DMode":false,"pivot":{"x":621.1385498046875,"y":780.900634765625,"z":34.9931640625},"rotation":{"x":0.010800960473716259,"y":0.04379509016871452,"z":-0.000450945517513901,"w":0.9990168213844299},"size":681.63623046875,"orthographic":false}