{"cameraMode":{"drawMode":0,"name":"Shaded","section":"Shading Mode"},"sceneLighting":false,"audioPlay":false,"sceneViewState":{"showFog":true,"showMaterialUpdate":true,"showSkybox":false,"showFlares":true,"showImageEffects":true,"showParticleSystems":true},"in2DMode":false,"pivot":{"x":30.084993362426759,"y":-28.782087326049806,"z":-61.10687255859375},"rotation":{"x":-0.004358164966106415,"y":0.9912652373313904,"z":-0.1273876279592514,"w":-0.03391341120004654},"size":321.5370178222656,"orthographic":false}