{"cameraMode":{"drawMode":0,"name":"Shaded","section":"Shading Mode"},"sceneLighting":false,"audioPlay":false,"sceneViewState":{"showFog":true,"showMaterialUpdate":true,"showSkybox":false,"showFlares":true,"showImageEffects":true,"showParticleSystems":true},"in2DMode":false,"pivot":{"x":2580.997802734375,"y":1400.7132568359375,"z":-27.31949806213379},"rotation":{"x":0.09336436539888382,"y":-0.4422336220741272,"z":0.04629896208643913,"w":0.8908354640007019},"size":231.1017608642578,"orthographic":false}