{"cameraMode":{"drawMode":0,"name":"Shaded","section":"Shading Mode"},"sceneLighting":false,"audioPlay":false,"sceneViewState":{"showFog":true,"showMaterialUpdate":true,"showSkybox":false,"showFlares":true,"showImageEffects":true,"showParticleSystems":true},"in2DMode":false,"pivot":{"x":-2.934577703475952,"y":2.206515312194824,"z":5.771430015563965},"rotation":{"x":-0.014923340640962124,"y":0.5370230674743652,"z":0.009497099556028843,"w":0.8433963656425476},"size":9.293703079223633,"orthographic":false}