{"cameraMode":{"drawMode":0,"name":"Shaded","section":"Shading Mode"},"sceneLighting":false,"audioPlay":false,"sceneViewState":{"showFog":true,"showMaterialUpdate":true,"showSkybox":false,"showFlares":true,"showImageEffects":true,"showParticleSystems":true},"in2DMode":false,"pivot":{"x":-1.6420964002609254,"y":-3.9098596572875978,"z":-5.747559547424316},"rotation":{"x":-0.049753036350011829,"y":0.03804096207022667,"z":-0.0018967734649777413,"w":-0.9980382919311523},"size":0.866025447845459,"orthographic":false}