{"cameraMode":{"drawMode":0,"name":"Shaded","section":"Shading Mode"},"sceneLighting":false,"audioPlay":false,"sceneViewState":{"showFog":true,"showMaterialUpdate":true,"showSkybox":false,"showFlares":true,"showImageEffects":true,"showParticleSystems":true},"in2DMode":false,"pivot":{"x":0.07676506042480469,"y":-0.33881229162216189,"z":-1.1214942932128907},"rotation":{"x":0.028176574036478998,"y":-0.027890754863619806,"z":-0.0007664181757718325,"w":-0.9992373585700989},"size":4.018858432769775,"orthographic":false}