{"cameraMode":{"drawMode":0,"name":"Shaded","section":"Shading Mode"},"sceneLighting":false,"audioPlay":false,"sceneViewState":{"showFog":true,"showMaterialUpdate":true,"showSkybox":false,"showFlares":true,"showImageEffects":true,"showParticleSystems":true},"in2DMode":false,"pivot":{"x":0.0,"y":-2.340155601501465,"z":1.6632616519927979},"rotation":{"x":0.06356862932443619,"y":-0.3955492079257965,"z":0.027487296611070634,"w":0.9158656597137451},"size":11.760873794555664,"orthographic":false}