{"cameraMode":{"drawMode":0,"name":"Shaded","section":"Shading Mode"},"sceneLighting":false,"audioPlay":false,"sceneViewState":{"showFog":true,"showMaterialUpdate":true,"showSkybox":true,"showFlares":true,"showImageEffects":true,"showParticleSystems":true},"in2DMode":false,"pivot":{"x":-2.65000057220459,"y":1.1000003814697266,"z":0.0},"rotation":{"x":-0.049753036350011829,"y":0.03804096207022667,"z":-0.0018967734649777413,"w":-0.9980382919311523},"size":22.790380477905275,"orthographic":false}