{"cameraMode":{"drawMode":0,"name":"Shaded","section":"Shading Mode"},"sceneLighting":false,"audioPlay":false,"sceneViewState":{"showFog":true,"showMaterialUpdate":true,"showSkybox":false,"showFlares":true,"showImageEffects":true,"showParticleSystems":true},"in2DMode":false,"pivot":{"x":-0.13068540394306184,"y":2.9837660789489748,"z":0.15956854820251466},"rotation":{"x":0.004177663009613752,"y":0.3654315173625946,"z":0.0016687068855389953,"w":-0.9308481216430664},"size":4.220047950744629,"orthographic":false}