{"cameraMode":{"drawMode":0,"name":"Shaded","section":"Shading Mode"},"sceneLighting":false,"audioPlay":false,"sceneViewState":{"showFog":true,"showMaterialUpdate":true,"showSkybox":false,"showFlares":true,"showImageEffects":true,"showParticleSystems":true},"in2DMode":false,"pivot":{"x":-23.340618133544923,"y":-5.357970237731934,"z":-1.6947846412658692},"rotation":{"x":-0.07887325435876847,"y":0.7259871363639832,"z":-0.08444806188344956,"w":-0.6779540777206421},"size":15.313538551330567,"orthographic":false}