{"cameraMode":{"drawMode":0,"name":"Shaded","section":"Shading Mode"},"sceneLighting":false,"audioPlay":false,"sceneViewState":{"showFog":true,"showMaterialUpdate":true,"showSkybox":false,"showFlares":true,"showImageEffects":true,"showParticleSystems":true},"in2DMode":false,"pivot":{"x":-0.05714721977710724,"y":-0.7732282876968384,"z":0.4543960690498352},"rotation":{"x":0.12253371626138687,"y":0.0862264633178711,"z":-0.01069392915815115,"w":0.9886677861213684},"size":1.8489458560943604,"orthographic":false}