{"cameraMode":{"drawMode":0,"name":"Shaded","section":"Shading Mode"},"sceneLighting":false,"audioPlay":false,"sceneViewState":{"showFog":true,"showMaterialUpdate":true,"showSkybox":true,"showFlares":true,"showImageEffects":true,"showParticleSystems":true},"in2DMode":false,"pivot":{"x":-0.6190965175628662,"y":0.5800368785858154,"z":-2.4378674030303957},"rotation":{"x":-0.04661769047379494,"y":-0.08620275557041168,"z":0.004055365454405546,"w":-0.9952003955841065},"size":0.5736067295074463,"orthographic":false}