{"cameraMode":{"drawMode":0,"name":"Shaded","section":"Shading Mode"},"sceneLighting":false,"audioPlay":false,"sceneViewState":{"showFog":true,"showMaterialUpdate":true,"showSkybox":true,"showFlares":true,"showImageEffects":true,"showParticleSystems":true},"in2DMode":false,"pivot":{"x":392.1962890625,"y":13.257221221923829,"z":330.18359375},"rotation":{"x":0.06473540514707566,"y":-0.029936408624053,"z":0.0019431577529758216,"w":0.9974502325057983},"size":11.448789596557618,"orthographic":false}