{"cameraMode":{"drawMode":0,"name":"Shaded","section":"Shading Mode"},"sceneLighting":false,"audioPlay":false,"sceneViewState":{"showFog":true,"showMaterialUpdate":true,"showSkybox":false,"showFlares":true,"showImageEffects":true,"showParticleSystems":true},"in2DMode":false,"pivot":{"x":997.3117065429688,"y":558.7487182617188,"z":0.0},"rotation":{"x":0.09693175554275513,"y":-0.3296472132205963,"z":0.033999860286712649,"w":0.9385093450546265},"size":1059.728271484375,"orthographic":false}