{"cameraMode":{"drawMode":0,"name":"Shaded","section":"Shading Mode"},"sceneLighting":false,"audioPlay":false,"sceneViewState":{"showFog":true,"showMaterialUpdate":true,"showSkybox":true,"showFlares":true,"showImageEffects":true,"showParticleSystems":true},"in2DMode":false,"pivot":{"x":390.7808837890625,"y":7.291534423828125,"z":323.45001220703127},"rotation":{"x":-0.08239656686782837,"y":-0.01734655164182186,"z":0.001450182287953794,"w":-0.9964645504951477},"size":1.8640525341033936,"orthographic":false}