{"cameraMode":{"drawMode":0,"name":"Shaded","section":"Shading Mode"},"sceneLighting":false,"audioPlay":false,"sceneViewState":{"showFog":true,"showMaterialUpdate":true,"showSkybox":true,"showFlares":true,"showImageEffects":true,"showParticleSystems":true},"in2DMode":false,"pivot":{"x":4.668867588043213,"y":6.698394775390625,"z":-4.26198673248291},"rotation":{"x":-0.012665984220802784,"y":0.9748176336288452,"z":-0.05739482864737511,"w":-0.21512272953987122},"size":8.450478553771973,"orthographic":false}