{"cameraMode":{"drawMode":0,"name":"Shaded","section":"Shading Mode"},"sceneLighting":false,"audioPlay":false,"sceneViewState":{"showFog":true,"showMaterialUpdate":true,"showSkybox":true,"showFlares":true,"showImageEffects":true,"showParticleSystems":true},"in2DMode":false,"pivot":{"x":396.8501281738281,"y":2.8821277618408205,"z":317.1171875},"rotation":{"x":-0.0012088236398994923,"y":0.9929004311561585,"z":-0.11852435022592545,"w":-0.010126828216016293},"size":321.53704833984377,"orthographic":false}