{"cameraMode":{"drawMode":0,"name":"Shaded","section":"Shading Mode"},"sceneLighting":false,"audioPlay":false,"sceneViewState":{"showFog":true,"showMaterialUpdate":true,"showSkybox":false,"showFlares":true,"showImageEffects":true,"showParticleSystems":true},"in2DMode":false,"pivot":{"x":10.824767112731934,"y":-1.1311603784561158,"z":14.875507354736329},"rotation":{"x":0.032154399901628497,"y":0.31507110595703127,"z":-0.010725821368396283,"w":0.9484720826148987},"size":10.0,"orthographic":false}