{"cameraMode":{"drawMode":0,"name":"Shaded","section":"Shading Mode"},"sceneLighting":false,"audioPlay":false,"sceneViewState":{"showFog":true,"showMaterialUpdate":true,"showSkybox":true,"showFlares":true,"showImageEffects":true,"showParticleSystems":true},"in2DMode":false,"pivot":{"x":2.8680226802825929,"y":2.0031840801239015,"z":-0.46201103925704958},"rotation":{"x":-0.02123332768678665,"y":0.442924439907074,"z":0.010501174256205559,"w":0.8962510824203491},"size":1.307669758796692,"orthographic":false}