{"cameraMode":{"drawMode":0,"name":"Shaded","section":"Shading Mode"},"sceneLighting":false,"audioPlay":false,"sceneViewState":{"showFog":true,"showMaterialUpdate":true,"showSkybox":false,"showFlares":true,"showImageEffects":true,"showParticleSystems":true},"in2DMode":false,"pivot":{"x":428.5610046386719,"y":23.592187881469728,"z":171.23219299316407},"rotation":{"x":0.2597082555294037,"y":0.024921894073486329,"z":-0.006704418454319239,"w":0.9653427004814148},"size":466.5351867675781,"orthographic":false}