{"cameraMode":{"drawMode":0,"name":"Shaded","section":"Shading Mode"},"sceneLighting":false,"audioPlay":false,"sceneViewState":{"showFog":true,"showMaterialUpdate":true,"showSkybox":false,"showFlares":true,"showImageEffects":true,"showParticleSystems":true},"in2DMode":false,"pivot":{"x":-0.8299974203109741,"y":-1.4110667705535889,"z":0.9832919239997864},"rotation":{"x":0.21217186748981477,"y":-0.14741086959838868,"z":0.03238761052489281,"w":0.9655179977416992},"size":2.3533971309661867,"orthographic":false}