{"cameraMode":{"drawMode":0,"name":"Shaded","section":"Shading Mode"},"sceneLighting":false,"audioPlay":false,"sceneViewState":{"showFog":true,"showMaterialUpdate":true,"showSkybox":false,"showFlares":true,"showImageEffects":true,"showParticleSystems":true},"in2DMode":false,"pivot":{"x":-0.16799888014793397,"y":0.3599158227443695,"z":0.565157413482666},"rotation":{"x":0.2755461633205414,"y":-0.0317227803170681,"z":0.00908742006868124,"w":0.9607346057891846},"size":2.3999826908111574,"orthographic":false}