{"cameraMode":{"drawMode":0,"name":"Shaded","section":"Shading Mode"},"sceneLighting":false,"audioPlay":false,"sceneViewState":{"showFog":true,"showMaterialUpdate":true,"showSkybox":true,"showFlares":true,"showImageEffects":true,"showParticleSystems":true},"in2DMode":false,"pivot":{"x":0.5028319358825684,"y":1.4323322772979737,"z":-8.538337707519532},"rotation":{"x":-0.027257174253463746,"y":-0.052743203938007358,"z":-0.0011465389980003238,"w":0.9982680678367615},"size":1.8073949813842774,"orthographic":false}
