{"cameraMode":{"drawMode":0,"name":"Shaded","section":"Shading Mode"},"sceneLighting":true,"audioPlay":false,"sceneViewState":{"showFog":true,"showMaterialUpdate":true,"showSkybox":true,"showFlares":true,"showImageEffects":true,"showParticleSystems":true},"in2DMode":false,"pivot":{"x":395.4682312011719,"y":1.822087049484253,"z":316.8719787597656},"rotation":{"x":0.015308023430407048,"y":-0.007779334206134081,"z":0.00012064087786711752,"w":0.9998590350151062},"size":0.10877184569835663,"orthographic":false}