{"cameraMode":{"drawMode":0,"name":"Shaded","section":"Shading Mode"},"sceneLighting":false,"audioPlay":false,"sceneViewState":{"showFog":true,"showMaterialUpdate":false,"showSkybox":false,"showFlares":true,"showImageEffects":true,"showParticleSystems":true},"in2DMode":false,"pivot":{"x":1344.6419677734375,"y":850.6309814453125,"z":0.0},"rotation":{"x":-0.016792433336377145,"y":0.044076330959796908,"z":-0.0007414174033328891,"w":-0.9988879561424255},"size":406.7525329589844,"orthographic":false}