{"cameraMode":{"drawMode":0,"name":"Shaded","section":"Shading Mode"},"sceneLighting":false,"audioPlay":false,"sceneViewState":{"showFog":true,"showMaterialUpdate":false,"showSkybox":false,"showFlares":true,"showImageEffects":true,"showParticleSystems":true},"in2DMode":false,"pivot":{"x":-1.1920928955078126e-7,"y":-0.6728037595748901,"z":0.4395725131034851},"rotation":{"x":-0.009308194741606713,"y":0.017095360904932023,"z":-0.0001584402925800532,"w":-0.9998143315315247},"size":2.5887370109558107,"orthographic":false}