{"cameraMode":{"drawMode":0,"name":"Shaded","section":"Shading Mode"},"sceneLighting":true,"audioPlay":false,"sceneViewState":{"showFog":true,"showMaterialUpdate":false,"showSkybox":true,"showFlares":true,"showImageEffects":true,"showParticleSystems":true},"in2DMode":false,"pivot":{"x":-0.9183191657066345,"y":1.0857529640197755,"z":-7.70628547668457},"rotation":{"x":0.0026882276870310308,"y":0.03958652913570404,"z":0.00010723568266257644,"w":-0.9992164373397827},"size":0.7336487174034119,"orthographic":false}