{"cameraMode":{"drawMode":0,"name":"Shaded","section":"Shading Mode"},"sceneLighting":false,"audioPlay":false,"sceneViewState":{"showFog":true,"showMaterialUpdate":false,"showSkybox":false,"showFlares":true,"showImageEffects":true,"showParticleSystems":true},"in2DMode":false,"pivot":{"x":-4.1358642578125,"y":-4.282650470733643,"z":2.2430803775787355},"rotation":{"x":0.10281693935394287,"y":-0.06054399535059929,"z":-0.0062676421366631989,"w":-0.9928409457206726},"size":3.4505457878112795,"orthographic":false}