{"cameraMode":{"drawMode":0,"name":"Shaded","section":"Shading Mode"},"sceneLighting":true,"audioPlay":false,"sceneViewState":{"showFog":true,"showMaterialUpdate":false,"showSkybox":true,"showFlares":true,"showImageEffects":true,"showParticleSystems":true},"in2DMode":false,"pivot":{"x":396.90472412109377,"y":5.507785320281982,"z":322.7294006347656},"rotation":{"x":0.10281693935394287,"y":-0.06054399535059929,"z":-0.0062676421366631989,"w":-0.9928409457206726},"size":5.278994083404541,"orthographic":false}