{"cameraMode":{"drawMode":0,"name":"Shaded","section":"Shading Mode"},"sceneLighting":true,"audioPlay":false,"sceneViewState":{"showFog":true,"showMaterialUpdate":true,"showSkybox":true,"showFlares":true,"showImageEffects":true,"showParticleSystems":true},"in2DMode":false,"pivot":{"x":0.09527654945850373,"y":-2.2965872287750246,"z":-3.5340170860290529},"rotation":{"x":-0.014816154725849629,"y":-0.021924568340182306,"z":0.00022427050862461329,"w":-0.9996872544288635},"size":20.18238067626953,"orthographic":false}