{"cameraMode":{"drawMode":0,"name":"Shaded","section":"Shading Mode"},"sceneLighting":true,"audioPlay":false,"sceneViewState":{"showFog":true,"showMaterialUpdate":true,"showSkybox":true,"showFlares":true,"showImageEffects":true,"showParticleSystems":true},"in2DMode":false,"pivot":{"x":1639.2252197265625,"y":832.738525390625,"z":-516.087158203125},"rotation":{"x":0.20541904866695405,"y":-0.469431072473526,"z":0.11333398520946503,"w":0.8512306213378906},"size":355.7196960449219,"orthographic":false}