{"cameraMode":{"drawMode":0,"name":"Shaded","section":"Shading Mode"},"sceneLighting":false,"audioPlay":false,"sceneViewState":{"showFog":true,"showMaterialUpdate":true,"showSkybox":false,"showFlares":true,"showImageEffects":true,"showParticleSystems":true},"in2DMode":false,"pivot":{"x":0.25446754693984988,"y":-0.4522453248500824,"z":-0.04918929934501648},"rotation":{"x":-0.12682963907718659,"y":0.7190876603126526,"z":-0.1363673061132431,"w":-0.6695535182952881},"size":1.8242968320846558,"orthographic":false}