{"cameraMode":{"drawMode":0,"name":"Shaded","section":"Shading Mode"},"sceneLighting":true,"audioPlay":false,"sceneViewState":{"showFog":true,"showMaterialUpdate":true,"showSkybox":true,"showFlares":true,"showImageEffects":true,"showParticleSystems":true},"in2DMode":false,"pivot":{"x":-3.9914846420288088,"y":21.598243713378908,"z":-10.521470069885254},"rotation":{"x":-0.4624001383781433,"y":-0.08831267058849335,"z":0.04635332524776459,"w":-0.881056547164917},"size":0.3547620475292206,"orthographic":false}