{"cameraMode":{"drawMode":0,"name":"Shaded","section":"Shading Mode"},"sceneLighting":true,"audioPlay":false,"sceneViewState":{"showFog":true,"showMaterialUpdate":true,"showSkybox":true,"showFlares":true,"showImageEffects":true,"showParticleSystems":true},"in2DMode":false,"pivot":{"x":-0.5429815053939819,"y":1.1373666524887086,"z":0.13800525665283204},"rotation":{"x":0.058435630053281787,"y":0.03323647379875183,"z":-0.0019364707404747606,"w":0.9977535605430603},"size":13.638842582702637,"orthographic":false}