{"cameraMode":{"drawMode":0,"name":"Shaded","section":"Shading Mode"},"sceneLighting":true,"audioPlay":false,"sceneViewState":{"showFog":true,"showMaterialUpdate":true,"showSkybox":true,"showFlares":true,"showImageEffects":true,"showParticleSystems":true},"in2DMode":false,"pivot":{"x":-2.656308174133301,"y":-0.08853498101234436,"z":-30.26976203918457},"rotation":{"x":0.04814419522881508,"y":-0.07901263982057572,"z":0.0037825044710189106,"w":0.9957413077354431},"size":1.5417529344558716,"orthographic":false}