{"cameraMode":{"drawMode":0,"name":"Shaded","section":"Shading Mode"},"sceneLighting":false,"audioPlay":false,"sceneViewState":{"showFog":true,"showMaterialUpdate":true,"showSkybox":false,"showFlares":true,"showImageEffects":true,"showParticleSystems":true},"in2DMode":false,"pivot":{"x":3.9046630859375,"y":11.90875244140625,"z":-0.2486133575439453},"rotation":{"x":0.0020301027689129116,"y":0.9812962412834168,"z":-0.19228722155094148,"w":0.010300688445568085},"size":26.473167419433595,"orthographic":false}