{"cameraMode":{"drawMode":0,"name":"Shaded","section":"Shading Mode"},"sceneLighting":true,"audioPlay":false,"sceneViewState":{"showFog":true,"showMaterialUpdate":true,"showSkybox":true,"showFlares":true,"showImageEffects":true,"showParticleSystems":true},"in2DMode":false,"pivot":{"x":-1.6897430419921876,"y":90.2008056640625,"z":32.70654296875},"rotation":{"x":-0.26405930519104006,"y":0.023720722645521165,"z":-0.006497685797512531,"w":-0.9641983509063721},"size":339.8504638671875,"orthographic":false}