{"cameraMode":{"drawMode":0,"name":"Shaded","section":"Shading Mode"},"sceneLighting":true,"audioPlay":false,"sceneViewState":{"showFog":true,"showMaterialUpdate":true,"showSkybox":true,"showFlares":true,"showImageEffects":true,"showParticleSystems":true},"in2DMode":false,"pivot":{"x":-0.45684435963630679,"y":-1.2094054222106934,"z":-17.25971794128418},"rotation":{"x":0.045293476432561877,"y":0.009305736050009728,"z":-0.00046776325325481594,"w":0.9989689588546753},"size":1.5417529344558716,"orthographic":false}