{"cameraMode":{"drawMode":0,"name":"Shaded","section":"Shading Mode"},"sceneLighting":true,"audioPlay":false,"sceneViewState":{"showFog":true,"showMaterialUpdate":true,"showSkybox":true,"showFlares":true,"showImageEffects":true,"showParticleSystems":true},"in2DMode":false,"pivot":{"x":79.46028900146485,"y":-4.409267902374268,"z":83.31969451904297},"rotation":{"x":0.09182176738977432,"y":0.9042673110961914,"z":0.33590731024742129,"w":-0.24705654382705689},"size":2.8800785541534426,"orthographic":false}