{"cameraMode":{"drawMode":0,"name":"Shaded","section":"Shading Mode"},"sceneLighting":true,"audioPlay":false,"sceneViewState":{"showFog":true,"showMaterialUpdate":true,"showSkybox":true,"showFlares":true,"showImageEffects":true,"showParticleSystems":true},"in2DMode":false,"pivot":{"x":2.546987771987915,"y":1.5248034000396729,"z":0.8364080786705017},"rotation":{"x":0.14739759266376496,"y":0.10659588128328324,"z":-0.01598174124956131,"w":0.9831952452659607},"size":1.078515887260437,"orthographic":false}