{"cameraMode":{"drawMode":0,"name":"Shaded","section":"Shading Mode"},"sceneLighting":false,"audioPlay":false,"sceneViewState":{"showFog":true,"showMaterialUpdate":true,"showSkybox":false,"showFlares":true,"showImageEffects":true,"showParticleSystems":true},"in2DMode":false,"pivot":{"x":3.8383893966674806,"y":12.020000457763672,"z":-0.11538660526275635},"rotation":{"x":0.021307481452822686,"y":0.006309288553893566,"z":-0.00013397618022281677,"w":0.9997667670249939},"size":0.8660253286361694,"orthographic":false}