{"cameraMode":{"drawMode":0,"name":"Shaded","section":"Shading Mode"},"sceneLighting":false,"audioPlay":false,"sceneViewState":{"showFog":true,"showMaterialUpdate":true,"showSkybox":false,"showFlares":true,"showImageEffects":true,"showParticleSystems":true},"in2DMode":false,"pivot":{"x":-5.099999904632568,"y":3.5999999046325685,"z":-12.702499389648438},"rotation":{"x":0.0870242789387703,"y":0.06302731484174729,"z":-0.005518571473658085,"w":0.994204580783844},"size":0.8660253882408142,"orthographic":false}