{"cameraMode":{"drawMode":0,"name":"Shaded","section":"Shading Mode"},"sceneLighting":true,"audioPlay":false,"sceneViewState":{"showFog":true,"showMaterialUpdate":true,"showSkybox":true,"showFlares":true,"showImageEffects":true,"showParticleSystems":true},"in2DMode":false,"pivot":{"x":387.443603515625,"y":346.88836669921877,"z":784.5905151367188},"rotation":{"x":-0.18965357542037965,"y":0.0035317272413522007,"z":-0.0006818995461799204,"w":-0.981848955154419},"size":746.7260131835938,"orthographic":false}