{"cameraMode":{"drawMode":0,"name":"Shaded","section":"Shading Mode"},"sceneLighting":true,"audioPlay":false,"sceneViewState":{"showFog":true,"showMaterialUpdate":true,"showSkybox":true,"showFlares":true,"showImageEffects":true,"showParticleSystems":true},"in2DMode":false,"pivot":{"x":0.9213213920593262,"y":2.6855688095092775,"z":0.012292861938476563},"rotation":{"x":-0.005689375102519989,"y":-0.016179021447896959,"z":-0.00011627659114310518,"w":0.9999020099639893},"size":10.820330619812012,"orthographic":false}