{"cameraMode":{"drawMode":0,"name":"Shaded","section":"Shading Mode"},"sceneLighting":true,"audioPlay":false,"sceneViewState":{"showFog":true,"showMaterialUpdate":true,"showSkybox":true,"showFlares":true,"showImageEffects":true,"showParticleSystems":true},"in2DMode":false,"pivot":{"x":-1.236215591430664,"y":-1.3844664096832276,"z":-6.680307388305664},"rotation":{"x":-0.07477415353059769,"y":-0.7266799211502075,"z":0.08011718839406967,"w":-0.6781909465789795},"size":13.788517951965332,"orthographic":false}