{"cameraMode":{"drawMode":0,"name":"Shaded","section":"Shading Mode"},"sceneLighting":true,"audioPlay":false,"sceneViewState":{"showFog":true,"showMaterialUpdate":true,"showSkybox":true,"showFlares":true,"showImageEffects":true,"showParticleSystems":true},"in2DMode":false,"pivot":{"x":685.8765869140625,"y":619.014892578125,"z":-1618.329345703125},"rotation":{"x":0.12591691315174104,"y":0.03125002607703209,"z":-0.003915146458894014,"w":0.9915672540664673},"size":205.17408752441407,"orthographic":false}